symbol,timeframe,time,open,high,low,close,Volume,Volume MA
XAU,1M,-4323290638,20.65,20.65,20.65,20.65,0,NaN
XAU,1M,-4291754638,20.65,20.65,20.65,20.65,0,NaN
XAU,1M,-4260218638,20.65,20.65,20.65,20.65,0,NaN
XAU,1M,-4228682638,20.65,20.65,20.65,20.65,0,NaN
XAU,1M,-4196973838,20.65,20.65,20.65,20.65,0,NaN
XAU,1M,-4165524238,20.65,20.65,20.65,20.65,0,NaN
XAU,1M,-4070829838,20.65,20.65,20.65,20.65,0,NaN
XAU,1M,-4039121038,20.65,20.65,20.65,20.65,0,NaN
XAU,1M,-4007671438,20.65,20.65,20.65,20.65,0,NaN
XAU,1M,-3976221838,20.65,20.65,20.65,20.65,0,NaN
XAU,1M,-3913063438,20.65,20.65,20.65,20.65,0,NaN
XAU,1M,-3881527438,20.65,20.65,20.65,20.65,0,NaN
XAU,1M,-3849818638,20.65,20.65,20.65,20.65,0,NaN
XAU,1M,-3818369038,20.65,20.65,20.65,20.65,0,NaN
XAU,1M,-3723761038,20.65,20.65,20.65,20.65,0,NaN
XAU,1M,-3691965838,20.65,20.65,20.65,20.65,0,NaN
XAU,1M,-3660516238,20.65,20.65,20.65,20.65,0,NaN
XAU,1M,-3629066638,20.65,20.65,20.65,20.65,0,NaN
XAU,1M,-3565908238,20.65,20.65,20.65,20.65,0,NaN
XAU,1M,-3534372238,20.65,20.65,20.65,20.65,0,0
XAU,1M,-3502663438,20.65,20.65,20.65,20.65,0,0
XAU,1M,-3471213838,20.65,20.65,20.65,20.65,0,0
XAU,1M,-3376605838,20.65,20.65,20.65,20.65,0,0
XAU,1M,-3345069838,20.65,20.65,20.65,20.65,0,0
XAU,1M,-3313361038,20.65,20.65,20.65,20.65,0,0
XAU,1M,-3281911438,20.65,20.65,20.65,20.65,0,0
XAU,1M,-3187217038,20.65,20.65,20.65,20.65,0,0
XAU,1M,-3155508238,20.65,20.65,20.65,20.65,0,0
XAU,1M,-3124058638,20.65,20.65,20.65,20.65,0,0
XAU,1M,-3092609038,20.66,20.66,20.66,20.66,0,0
XAU,1M,-3029450638,20.66,20.66,20.66,20.66,0,0
XAU,1M,-2997914638,20.66,20.66,20.66,20.66,0,0
XAU,1M,-2966205838,20.66,20.66,20.66,20.66,0,0
XAU,1M,-2934756238,20.66,20.66,20.66,20.66,0,0
XAU,1M,-2840148238,20.66,20.66,20.66,20.66,0,0
XAU,1M,-2808353038,20.66,20.66,20.66,20.66,0,0
XAU,1M,-2776903438,20.66,20.66,20.66,20.66,0,0
XAU,1M,-2745453838,20.66,20.66,20.66,20.66,0,0
XAU,1M,-2682295200,20.66,20.66,20.66,20.66,0,0
XAU,1M,-2650759200,20.65,20.65,20.65,20.65,0,0
XAU,1M,-2619050400,20.65,20.65,20.65,20.65,0,0
XAU,1M,-2587600800,20.65,20.65,20.65,20.65,0,0
XAU,1M,-2492992800,20.68,20.68,20.68,20.68,0,0
XAU,1M,-2461456800,20.68,20.68,20.68,20.68,0,0
XAU,1M,-2429748000,20.68,20.68,20.68,20.68,0,0
XAU,1M,-2398298400,20.66,20.66,20.66,20.66,0,0
XAU,1M,-2303604000,20.71,20.71,20.71,20.71,0,0
XAU,1M,-2271895200,20.71,20.71,20.71,20.71,0,0
XAU,1M,-2240445600,20.66,20.66,20.66,20.66,0,0
XAU,1M,-2208996000,20.68,20.68,20.68,20.68,0,0
XAU,1M,-2114388000,20.67,20.67,20.67,20.67,0,0
XAU,1M,-2082852000,20.68,20.68,20.68,20.68,0,0
XAU,1M,-2051143200,20.54,20.54,20.54,20.54,0,0
XAU,1M,-2019693600,20.62,20.62,20.62,20.62,0,0
XAU,1M,-1924999200,20.68,20.68,20.68,20.68,0,0
XAU,1M,-1893290400,20.64,20.64,20.64,20.64,0,0
XAU,1M,-1861840800,20.64,20.64,20.64,20.64,0,0
XAU,1M,-1830391200,20.65,20.65,20.65,20.65,0,0
XAU,1M,-1767232800,20.72,20.72,20.72,20.72,0,0
XAU,1M,-1735696800,20.72,20.72,20.72,20.72,0,0
XAU,1M,-1703988000,20.72,20.72,20.72,20.72,0,0
XAU,1M,-1672538400,20.72,20.72,20.72,20.72,0,0
XAU,1M,-1577930400,20.68,20.68,20.68,20.68,0,0
XAU,1M,-1546135200,20.69,20.69,20.58,20.58,0,0
XAU,1M,-1543629600,20.69,20.69,20.69,20.69,0,0
XAU,1M,-1541210400,20.69,20.69,20.69,20.69,0,0
XAU,1M,-1538532000,20.69,20.69,20.69,20.69,0,0
XAU,1M,-1535857200,20.69,20.69,20.69,20.69,0,0
XAU,1M,-1533265200,20.69,20.69,20.69,20.69,0,0
XAU,1M,-1530673200,20.69,20.69,20.69,20.69,0,0
XAU,1M,-1527994800,20.69,20.69,20.69,20.69,0,0
XAU,1M,-1525316400,20.69,20.69,20.69,20.69,0,0
XAU,1M,-1522548000,20.69,20.69,20.69,20.69,0,0
XAU,1M,-1520042400,20.69,20.69,20.69,20.69,0,0
XAU,1M,-1517450400,20.69,20.69,20.69,20.69,0,0
XAU,1M,-1514685600,20.84,20.84,20.84,20.84,0,0
XAU,1M,-1512093600,20.84,20.84,20.84,20.84,0,0
XAU,1M,-1509674400,20.84,20.84,20.84,20.84,0,0
XAU,1M,-1506823200,20.84,20.84,20.84,20.84,0,0
XAU,1M,-1504407600,20.84,20.84,20.84,20.84,0,0
XAU,1M,-1501729200,20.84,20.84,20.84,20.84,0,0
XAU,1M,-1498964400,20.84,20.84,20.84,20.84,0,0
XAU,1M,-1496458800,20.84,20.84,20.84,20.84,0,0
XAU,1M,-1493780400,20.84,20.84,20.84,20.84,0,0
XAU,1M,-1491098400,20.84,20.84,20.84,20.84,0,0
XAU,1M,-1488506400,20.84,20.84,20.84,20.84,0,0
XAU,1M,-1485914400,20.84,20.84,20.84,20.84,0,0
XAU,1M,-1483236000,20.75,20.75,20.75,20.75,0,0
XAU,1M,-1480557600,20.75,20.75,20.75,20.75,0,0
XAU,1M,-1478138400,20.75,20.75,20.75,20.75,0,0
XAU,1M,-1475373600,20.75,20.75,20.75,20.75,0,0
XAU,1M,-1472871600,20.75,20.75,20.75,20.75,0,0
XAU,1M,-1470193200,20.75,20.75,20.75,20.75,0,0
XAU,1M,-1467514800,20.75,20.75,20.75,20.75,0,0
XAU,1M,-1464922800,20.75,20.75,20.75,20.75,0,0
XAU,1M,-1462071600,20.75,20.75,20.75,20.75,0,0
XAU,1M,-1459648800,20.75,20.75,20.75,20.75,0,0
XAU,1M,-1456970400,20.75,20.75,20.75,20.75,0,0
XAU,1M,-1454205600,20.75,20.75,20.75,20.75,0,0
XAU,1M,-1451700000,20.78,20.78,20.78,20.78,0,0
XAU,1M,-1449021600,20.78,20.78,20.78,20.78,0,0
XAU,1M,-1446343200,20.78,20.78,20.78,20.78,0,0
XAU,1M,-1443837600,20.78,20.78,20.78,20.78,0,0
XAU,1M,-1441249200,20.78,20.78,20.78,20.78,0,0
XAU,1M,-1438484400,20.78,20.78,20.78,20.78,0,0
XAU,1M,-1435978800,20.78,20.78,20.78,20.78,0,0
XAU,1M,-1433300400,20.78,20.78,20.78,20.78,0,0
XAU,1M,-1430622000,20.78,20.78,20.78,20.78,0,0
XAU,1M,-1428026400,20.78,20.78,20.78,20.78,0,0
XAU,1M,-1425175200,20.78,20.78,20.78,20.78,0,0
XAU,1M,-1422756000,20.78,20.78,20.78,20.78,0,0
XAU,1M,-1420077600,20.75,20.75,20.75,20.75,0,0
XAU,1M,-1417312800,20.75,20.75,20.75,20.75,0,0
XAU,1M,-1414893600,20.75,20.75,20.75,20.75,0,0
XAU,1M,-1412301600,20.75,20.75,20.75,20.75,0,0
XAU,1M,-1409713200,20.75,20.75,20.75,20.75,0,0
XAU,1M,-1407034800,20.75,20.75,20.75,20.75,0,0
XAU,1M,-1404442800,20.75,20.75,20.75,20.75,0,0
XAU,1M,-1401591600,20.75,20.75,20.75,20.75,0,0
XAU,1M,-1399086000,20.75,20.75,20.75,20.75,0,0
XAU,1M,-1396490400,20.75,20.75,20.75,20.75,0,0
XAU,1M,-1393725600,20.75,20.75,20.75,20.75,0,0
XAU,1M,-1391220000,20.75,20.75,20.75,20.75,0,0
XAU,1M,-1388541600,20.72,20.72,20.72,20.72,0,0
XAU,1M,-1385863200,20.72,20.72,20.72,20.72,0,0
XAU,1M,-1383444000,20.72,20.72,20.72,20.72,0,0
XAU,1M,-1380765600,20.72,20.72,20.72,20.72,0,0
XAU,1M,-1378004400,20.72,20.72,20.72,20.72,0,0
XAU,1M,-1375498800,20.72,20.72,20.72,20.72,0,0
XAU,1M,-1372906800,20.72,20.72,20.72,20.72,0,0
XAU,1M,-1370142000,20.72,20.72,20.72,20.72,0,0
XAU,1M,-1367550000,20.72,20.72,20.72,20.72,0,0
XAU,1M,-1364954400,20.72,20.72,20.72,20.72,0,0
XAU,1M,-1362276000,20.72,20.72,20.72,20.72,0,0
XAU,1M,-1359684000,20.72,20.72,20.72,20.72,0,0
XAU,1M,-1356832800,20.75,20.75,20.75,20.75,0,0
XAU,1M,-1354327200,20.75,20.75,20.75,20.75,0,0
XAU,1M,-1351908000,20.75,20.75,20.75,20.75,0,0
XAU,1M,-1349229600,20.75,20.75,20.75,20.75,0,0
XAU,1M,-1346554800,20.75,20.75,20.75,20.75,0,0
XAU,1M,-1343962800,20.75,20.75,20.75,20.75,0,0
XAU,1M,-1341370800,20.75,20.75,20.75,20.75,0,0
XAU,1M,-1338692400,20.75,20.75,20.75,20.75,0,0
XAU,1M,-1336014000,20.75,20.75,20.75,20.75,0,0
XAU,1M,-1333245600,20.75,20.75,20.75,20.75,0,0
XAU,1M,-1330740000,20.75,20.75,20.75,20.75,0,0
XAU,1M,-1328148000,20.75,20.75,20.75,20.75,0,0
XAU,1M,-1325383200,20.78,20.78,20.78,20.78,0,0
XAU,1M,-1322791200,20.78,20.78,20.78,20.78,0,0
XAU,1M,-1320285600,20.78,20.78,20.78,20.78,0,0
XAU,1M,-1317520800,20.78,20.78,20.78,20.78,0,0
XAU,1M,-1315018800,20.78,20.78,20.78,20.78,0,0
XAU,1M,-1312340400,20.78,20.78,20.78,20.78,0,0
XAU,1M,-1309662000,20.78,20.78,20.78,20.78,0,0
XAU,1M,-1307070000,20.78,20.78,20.78,20.78,0,0
XAU,1M,-1304218800,20.78,20.78,20.78,20.78,0,0
XAU,1M,-1301796000,20.78,20.78,20.78,20.78,0,0
XAU,1M,-1299117600,20.78,20.78,20.78,20.78,0,0
XAU,1M,-1296352800,20.78,20.78,20.78,20.78,0,0
XAU,1M,-1293847200,20.72,20.72,20.72,20.72,0,0
XAU,1M,-1291168800,20.72,20.72,20.72,20.72,0,0
XAU,1M,-1288749600,20.72,20.72,20.72,20.72,0,0
XAU,1M,-1286071200,20.72,20.72,20.72,20.72,0,0
XAU,1M,-1283482800,20.72,20.72,20.72,20.72,0,0
XAU,1M,-1280631600,20.72,20.72,20.72,20.72,0,0
XAU,1M,-1278212400,20.72,20.72,20.72,20.72,0,0
XAU,1M,-1275534000,20.72,20.72,20.72,20.72,0,0
XAU,1M,-1272769200,20.72,20.72,20.72,20.72,0,0
XAU,1M,-1270260000,20.72,20.72,20.72,20.72,0,0
XAU,1M,-1267581600,20.72,20.72,20.72,20.72,0,0
XAU,1M,-1264903200,20.72,20.72,20.72,20.72,0,0
XAU,1M,-1262311200,20.69,20.69,20.69,20.69,0,0
XAU,1M,-1259460000,20.69,20.69,20.69,20.69,0,0
XAU,1M,-1257040800,20.69,20.69,20.69,20.69,0,0
XAU,1M,-1254535200,20.69,20.69,20.69,20.69,0,0
XAU,1M,-1251946800,20.69,20.69,20.69,20.69,0,0
XAU,1M,-1249182000,20.69,20.69,20.69,20.69,0,0
XAU,1M,-1246676400,20.69,20.69,20.69,20.69,0,0
XAU,1M,-1243998000,20.69,20.69,20.69,20.69,0,0
XAU,1M,-1241319600,20.69,20.69,20.69,20.69,0,0
XAU,1M,-1238724000,20.69,20.69,20.69,20.69,0,0
XAU,1M,-1235872800,20.69,20.69,20.69,20.69,0,0
XAU,1M,-1233453600,20.69,20.69,20.69,20.69,0,0
XAU,1M,-1230775200,22.59,22.59,22.59,22.59,0,0
XAU,1M,-1228010400,22.59,22.59,22.59,22.59,0,0
XAU,1M,-1225591200,22.59,22.59,22.59,22.59,0,0
XAU,1M,-1222999200,22.59,22.59,22.59,22.59,0,0
XAU,1M,-1220410800,22.59,22.59,22.59,22.59,0,0
XAU,1M,-1217732400,22.59,22.59,22.59,22.59,0,0
XAU,1M,-1215140400,22.59,22.59,22.59,22.59,0,0
XAU,1M,-1212289200,22.59,22.59,22.59,22.59,0,0
XAU,1M,-1209783600,22.59,22.59,22.59,22.59,0,0
XAU,1M,-1207188000,22.59,22.59,22.59,22.59,0,0
XAU,1M,-1204423200,22.59,22.59,22.59,22.59,0,0
XAU,1M,-1201917600,22.59,22.59,22.59,22.59,0,0
XAU,1M,-1199239200,20.78,20.78,20.78,20.78,0,0
XAU,1M,-1196560800,20.78,20.78,20.78,20.78,0,0
XAU,1M,-1194055200,20.78,20.78,20.78,20.78,0,0
XAU,1M,-1191376800,20.78,20.78,20.78,20.78,0,0
XAU,1M,-1188702000,20.78,20.78,20.78,20.78,0,0
XAU,1M,-1186110000,20.78,20.78,20.78,20.78,0,0
XAU,1M,-1183518000,20.78,20.78,20.78,20.78,0,0
XAU,1M,-1180839600,20.78,20.78,20.78,20.78,0,0
XAU,1M,-1178161200,20.78,20.78,20.78,20.78,0,0
XAU,1M,-1175392800,20.78,20.78,20.78,20.78,0,0
XAU,1M,-1172887200,20.78,20.78,20.78,20.78,0,0
XAU,1M,-1170295200,20.78,20.78,20.78,20.78,0,0
XAU,1M,-1167530400,26.47,26.47,26.47,26.47,0,0
XAU,1M,-1164938400,26.47,26.47,26.47,26.47,0,0
XAU,1M,-1162519200,26.47,26.47,26.47,26.47,0,0
XAU,1M,-1159668000,26.47,26.47,26.47,26.47,0,0
XAU,1M,-1157252400,26.47,26.47,26.47,26.47,0,0
XAU,1M,-1154574000,26.47,26.47,26.47,26.47,0,0
XAU,1M,-1151809200,26.47,26.47,26.47,26.47,0,0
XAU,1M,-1149303600,26.47,26.47,26.47,26.47,0,0
XAU,1M,-1146625200,26.47,26.47,26.47,26.47,0,0
XAU,1M,-1143943200,26.47,26.47,26.47,26.47,0,0
XAU,1M,-1141351200,26.47,26.47,26.47,26.47,0,0
XAU,1M,-1138759200,26.47,26.47,26.47,26.47,0,0
XAU,1M,-1136080800,35,35,35,35,0,0
XAU,1M,-1133402400,35,35,35,35,0,0
XAU,1M,-1130983200,35,35,35,35,0,0
XAU,1M,-1128218400,35,35,35,35,0,0
XAU,1M,-1125716400,35,35,35,35,0,0
XAU,1M,-1123038000,35,35,35,35,0,0
XAU,1M,-1120359600,35,35,35,35,0,0
XAU,1M,-1117767600,35,35,35,35,0,0
XAU,1M,-1114916400,35,35,35,35,0,0
XAU,1M,-1112493600,35,35,35,35,0,0
XAU,1M,-1109815200,35,35,35,35,0,0
XAU,1M,-1107050400,35,35,35,35,0,0
XAU,1M,-1104544800,35,35,35,35,0,0
XAU,1M,-1101866400,35,35,35,35,0,0
XAU,1M,-1099447200,35,35,35,35,0,0
XAU,1M,-1096768800,35,35,35,35,0,0
XAU,1M,-1094180400,35,35,35,35,0,0
XAU,1M,-1091329200,35,35,35,35,0,0
XAU,1M,-1088910000,35,35,35,35,0,0
XAU,1M,-1086231600,35,35,35,35,0,0
XAU,1M,-1083466800,35,35,35,35,0,0
XAU,1M,-1080957600,35,35,35,35,0,0
XAU,1M,-1078279200,35,35,35,35,0,0
XAU,1M,-1075600800,35,35,35,35,0,0
XAU,1M,-1073008800,35,35,35,35,0,0
XAU,1M,-1070157600,35,35,35,35,0,0
XAU,1M,-1067738400,35,35,35,35,0,0
XAU,1M,-1065146400,35,35,35,35,0,0
XAU,1M,-1062558000,35,35,35,35,0,0
XAU,1M,-1059879600,35,35,35,35,0,0
XAU,1M,-1057287600,35,35,35,35,0,0
XAU,1M,-1054436400,35,35,35,35,0,0
XAU,1M,-1051930800,35,35,35,35,0,0
XAU,1M,-1049335200,35,35,35,35,0,0
XAU,1M,-1046570400,35,35,35,35,0,0
XAU,1M,-1044064800,35,35,35,35,0,0
XAU,1M,-1041386400,35,35,35,35,0,0
XAU,1M,-1038708000,35,35,35,35,0,0
XAU,1M,-1036288800,35,35,35,35,0,0
XAU,1M,-1033610400,35,35,35,35,0,0
XAU,1M,-1030849200,35,35,35,35,0,0
XAU,1M,-1028343600,35,35,35,35,0,0
XAU,1M,-1025751600,35,35,35,35,0,0
XAU,1M,-1022986800,35,35,35,35,0,0
XAU,1M,-1020394800,35,35,35,35,0,0
XAU,1M,-1017799200,35,35,35,35,0,0
XAU,1M,-1015120800,35,35,35,35,0,0
XAU,1M,-1012528800,35,35,35,35,0,0
XAU,1M,-1009677600,35,35,35,35,0,0
XAU,1M,-1007172000,35,35,35,35,0,0
XAU,1M,-1004752800,35,35,35,35,0,0
XAU,1M,-1002074400,35,35,35,35,0,0
XAU,1M,-999399600,35,35,35,35,0,0
XAU,1M,-996807600,35,35,35,35,0,0
XAU,1M,-994215600,35,35,35,35,0,0
XAU,1M,-991537200,35,35,35,35,0,0
XAU,1M,-988858800,35,35,35,35,0,0
XAU,1M,-986090400,35,35,35,35,0,0
XAU,1M,-983584800,35,35,35,35,0,0
XAU,1M,-980992800,35,35,35,35,0,0
XAU,1M,-978228000,34.69,34.69,34.69,34.69,0,0
XAU,1M,-975636000,34.69,34.69,34.69,34.69,0,0
XAU,1M,-973216800,34.69,34.69,34.69,34.69,0,0
XAU,1M,-970365600,34.69,34.69,34.69,34.69,0,0
XAU,1M,-967950000,34.69,34.69,34.69,34.69,0,0
XAU,1M,-965271600,34.69,34.69,34.69,34.69,0,0
XAU,1M,-962506800,34.69,34.69,34.69,34.69,0,0
XAU,1M,-960001200,34.69,34.69,34.69,34.69,0,0
XAU,1M,-957322800,34.69,34.69,34.69,34.69,0,0
XAU,1M,-954640800,34.69,34.69,34.69,34.69,0,0
XAU,1M,-952048800,34.69,34.69,34.69,34.69,0,0
XAU,1M,-949456800,34.69,34.69,34.69,34.69,0,0
XAU,1M,-946778400,34.06,34.06,34.06,34.06,0,0
XAU,1M,-944100000,34.06,34.06,34.06,34.06,0,0
XAU,1M,-941594400,34.06,34.06,34.06,34.06,0,0
XAU,1M,-938916000,34.06,34.06,34.06,34.06,0,0
XAU,1M,-936327600,34.06,34.06,34.06,34.06,0,0
XAU,1M,-933476400,34.06,34.06,34.06,34.06,0,0
XAU,1M,-931057200,34.06,34.06,34.06,34.06,0,0
XAU,1M,-928378800,34.06,34.06,34.06,34.06,0,0
XAU,1M,-925614000,34.06,34.06,34.06,34.06,0,0
XAU,1M,-923104800,34.06,34.06,34.06,34.06,0,0
XAU,1M,-920426400,34.06,34.06,34.06,34.06,0,0
XAU,1M,-917748000,34.06,34.06,34.06,34.06,0,0
XAU,1M,-915156000,34.06,34.06,34.06,34.06,0,0
XAU,1M,-912304800,34.06,34.06,34.06,34.06,0,0
XAU,1M,-909885600,34.06,34.06,34.06,34.06,0,0
XAU,1M,-907380000,34.06,34.06,34.06,34.06,0,0
XAU,1M,-904791600,34.06,34.06,34.06,34.06,0,0
XAU,1M,-902026800,34.06,34.06,34.06,34.06,0,0
XAU,1M,-899521200,34.06,34.06,34.06,34.06,0,0
XAU,1M,-896842800,34.06,34.06,34.06,34.06,0,0
XAU,1M,-894164400,34.06,34.06,34.06,34.06,0,0
XAU,1M,-891568800,34.06,34.06,34.06,34.06,0,0
XAU,1M,-888717600,34.06,34.06,34.06,34.06,0,0
XAU,1M,-886298400,34.06,34.06,34.06,34.06,0,0
XAU,1M,-883620000,34.06,34.06,34.06,34.06,0,0
XAU,1M,-880855200,34.06,34.06,34.06,34.06,0,0
XAU,1M,-878439600,34.06,34.06,34.06,34.06,0,0
XAU,1M,-875847600,34.06,34.06,34.06,34.06,0,0
XAU,1M,-873255600,34.06,34.06,34.06,34.06,0,0
XAU,1M,-870577200,34.06,34.06,34.06,34.06,0,0
XAU,1M,-867985200,34.06,34.06,34.06,34.06,0,0
XAU,1M,-865134000,34.06,34.06,34.06,34.06,0,0
XAU,1M,-862628400,34.06,34.06,34.06,34.06,0,0
XAU,1M,-860036400,34.06,34.06,34.06,34.06,0,0
XAU,1M,-857271600,34.06,34.06,34.06,34.06,0,0
XAU,1M,-854766000,34.06,34.06,34.06,34.06,0,0
XAU,1M,-852087600,34.06,34.06,34.06,34.06,0,0
XAU,1M,-849409200,34.06,34.06,34.06,34.06,0,0
XAU,1M,-846990000,34.06,34.06,34.06,34.06,0,0
XAU,1M,-844311600,34.06,34.06,34.06,34.06,0,0
XAU,1M,-841546800,34.06,34.06,34.06,34.06,0,0
XAU,1M,-839041200,34.06,34.06,34.06,34.06,0,0
XAU,1M,-836449200,34.06,34.06,34.06,34.06,0,0
XAU,1M,-833684400,34.06,34.06,34.06,34.06,0,0
XAU,1M,-831092400,34.06,34.06,34.06,34.06,0,0
XAU,1M,-828500400,34.06,34.06,34.06,34.06,0,0
XAU,1M,-825822000,34.06,34.06,34.06,34.06,0,0
XAU,1M,-823230000,34.06,34.06,34.06,34.06,0,0
XAU,1M,-820378800,34.06,34.06,34.06,34.06,0,0
XAU,1M,-817873200,34.06,34.06,34.06,34.06,0,0
XAU,1M,-815367600,34.06,34.06,34.06,34.06,0,0
XAU,1M,-812516400,34.06,34.06,34.06,34.06,0,0
XAU,1M,-810097200,34.06,34.06,34.06,34.06,0,0
XAU,1M,-807418800,34.06,34.06,34.06,34.06,0,0
XAU,1M,-804654000,34.06,34.06,34.06,34.06,0,0
XAU,1M,-802148400,34.06,34.06,34.06,34.06,0,0
XAU,1M,-799470000,34.06,34.06,34.06,34.06,0,0
XAU,1M,-796791600,34.06,34.06,34.06,34.06,0,0
XAU,1M,-794199600,34.06,34.06,34.06,34.06,0,0
XAU,1M,-791607600,34.06,34.06,34.06,34.06,0,0
XAU,1M,-788929200,35,35,35,35,0,0
XAU,1M,-786250800,35,35,35,35,0,0
XAU,1M,-783831600,35,35,35,35,0,0
XAU,1M,-781066800,35,35,35,35,0,0
XAU,1M,-778561200,35,35,35,35,0,0
XAU,1M,-775882800,35,35,35,35,0,0
XAU,1M,-773204400,35,35,35,35,0,0
XAU,1M,-770612400,35,35,35,35,0,0
XAU,1M,-767761200,35,35,35,35,0,0
XAU,1M,-765338400,35,35,35,35,0,0
XAU,1M,-762660000,35,35,35,35,0,0
XAU,1M,-759895200,35,35,35,35,0,0
XAU,1M,-757389600,35,35,35,35,0,0
XAU,1M,-754711200,35,35,35,35,0,0
XAU,1M,-752292000,35,35,35,35,0,0
XAU,1M,-749613600,35,35,35,35,0,0
XAU,1M,-747025200,35,35,35,35,0,0
XAU,1M,-744174000,35,35,35,35,0,0
XAU,1M,-741754800,35,35,35,35,0,0
XAU,1M,-739076400,35,35,35,35,0,0
XAU,1M,-736311600,35,35,35,35,0,0
XAU,1M,-733802400,35,35,35,35,0,0
XAU,1M,-731124000,35,35,35,35,0,0
XAU,1M,-728445600,35,35,35,35,0,0
XAU,1M,-725853600,35,35,35,35,0,0
XAU,1M,-723002400,35,35,35,35,0,0
XAU,1M,-720583200,35,35,35,35,0,0
XAU,1M,-718077600,35,35,35,35,0,0
XAU,1M,-715489200,35,35,35,35,0,0
XAU,1M,-712724400,35,35,35,35,0,0
XAU,1M,-710218800,35,35,35,35,0,0
XAU,1M,-707540400,35,35,35,35,0,0
XAU,1M,-704862000,35,35,35,35,0,0
XAU,1M,-702266400,35,35,35,35,0,0
XAU,1M,-699415200,35,35,35,35,0,0
XAU,1M,-696996000,35,35,35,35,0,0
XAU,1M,-694317600,35,35,35,35,0,0
XAU,1M,-691552800,35,35,35,35,0,0
XAU,1M,-689133600,35,35,35,35,0,0
XAU,1M,-686455200,35,35,35,35,0,0
XAU,1M,-683694000,35,35,35,35,0,0
XAU,1M,-681188400,35,35,35,35,0,0
XAU,1M,-678596400,35,35,35,35,0,0
XAU,1M,-675831600,35,35,35,35,0,0
XAU,1M,-673239600,35,35,35,35,0,0
XAU,1M,-670644000,35,35,35,35,0,0
XAU,1M,-667965600,35,35,35,35,0,0
XAU,1M,-665373600,35,35,35,35,0,0
XAU,1M,-662522400,31.88,31.88,31.88,31.88,0,0
XAU,1M,-660016800,31.88,31.88,31.88,31.88,0,0
XAU,1M,-657597600,31.88,31.88,31.88,31.88,0,0
XAU,1M,-654919200,31.88,31.88,31.88,31.88,0,0
XAU,1M,-652244400,31.88,31.88,31.88,31.88,0,0
XAU,1M,-649652400,31.88,31.88,31.88,31.88,0,0
XAU,1M,-647060400,31.88,31.88,31.88,31.88,0,0
XAU,1M,-644382000,31.88,31.88,31.88,31.88,0,0
XAU,1M,-641703600,31.88,31.88,31.88,31.88,0,0
XAU,1M,-638935200,31.88,31.88,31.88,31.88,0,0
XAU,1M,-636429600,31.88,31.88,31.88,31.88,0,0
XAU,1M,-633837600,31.88,31.88,31.88,31.88,0,0
XAU,1M,-631072800,34.73,34.73,34.73,34.73,0,0
XAU,1M,-628480800,34.73,34.73,34.73,34.73,0,0
XAU,1M,-626061600,34.73,34.73,34.73,34.73,0,0
XAU,1M,-623210400,34.73,34.73,34.73,34.73,0,0
XAU,1M,-620794800,34.73,34.73,34.73,34.73,0,0
XAU,1M,-618116400,34.73,34.73,34.73,34.73,0,0
XAU,1M,-615351600,34.73,34.73,34.73,34.73,0,0
XAU,1M,-612846000,34.73,34.73,34.73,34.73,0,0
XAU,1M,-610167600,34.73,34.73,34.73,34.73,0,0
XAU,1M,-607485600,34.73,34.73,34.73,34.73,0,0
XAU,1M,-604893600,34.73,34.73,34.73,34.73,0,0
XAU,1M,-602301600,34.72,34.72,34.72,34.72,0,0
XAU,1M,-599623200,34.72,34.72,34.72,34.72,0,0
XAU,1M,-596944800,34.73,34.73,34.73,34.73,0,0
XAU,1M,-594525600,34.73,34.73,34.73,34.73,0,0
XAU,1M,-591760800,34.73,34.73,34.73,34.73,0,0
XAU,1M,-589258800,34.73,34.73,34.73,34.73,0,0
XAU,1M,-586580400,34.73,34.73,34.73,34.73,0,0
XAU,1M,-583902000,34.72,34.72,34.72,34.72,0,0
XAU,1M,-581310000,34.71,34.71,34.71,34.71,0,0
XAU,1M,-578458800,34.71,34.71,34.71,34.71,0,0
XAU,1M,-576036000,34.71,34.71,34.71,34.71,0,0
XAU,1M,-573357600,34.73,34.73,34.73,34.73,0,0
XAU,1M,-570592800,34.66,34.66,34.66,34.66,0,0
XAU,1M,-568087200,34.49,34.49,34.49,34.49,0,0
XAU,1M,-565408800,34.49,34.49,34.49,34.49,0,0
XAU,1M,-562730400,34.68,34.68,34.68,34.68,0,0
XAU,1M,-560224800,34.82,34.82,34.82,34.82,0,0
XAU,1M,-557636400,34.73,34.73,34.73,34.73,0,0
XAU,1M,-554871600,34.53,34.53,34.53,34.53,0,0
XAU,1M,-552366000,34.57,34.57,34.57,34.57,0,0
XAU,1M,-549687600,34.58,34.58,34.58,34.58,0,0
XAU,1M,-547009200,34.51,34.51,34.51,34.51,0,0
XAU,1M,-544413600,34.63,34.63,34.63,34.63,0,0
XAU,1M,-541562400,34.72,34.72,34.72,34.72,0,0
XAU,1M,-539143200,34.79,34.79,34.79,34.79,0,0
XAU,1M,-536464800,34.88,34.88,34.88,34.88,0,0
XAU,1M,-533700000,34.95,34.95,34.95,34.95,0,0
XAU,1M,-531280800,34.92,34.92,34.92,34.92,0,0
XAU,1M,-528688800,34.93,34.93,34.93,34.93,0,0
XAU,1M,-526100400,34.9,34.9,34.9,34.9,0,0
XAU,1M,-523422000,34.89,34.89,34.89,34.89,0,0
XAU,1M,-520830000,34.91,34.91,34.91,34.91,0,0
XAU,1M,-517978800,34.91,34.91,34.91,34.91,0,0
XAU,1M,-515473200,34.76,34.76,34.76,34.76,0,0
XAU,1M,-512877600,34.79,34.79,34.79,34.79,0,0
XAU,1M,-510112800,34.86,34.86,34.86,34.86,0,0
XAU,1M,-507607200,34.85,34.85,34.85,34.85,0,0
XAU,1M,-504928800,34.86,34.86,34.86,34.86,0,0
XAU,1M,-502250400,34.88,34.88,34.88,34.88,0,0
XAU,1M,-499831200,34.92,34.92,34.92,34.92,0,0
XAU,1M,-497152800,35.04,35.04,35.04,35.04,0,0
XAU,1M,-494391600,35.08,35.08,35.08,35.08,0,0
XAU,1M,-491886000,35.07,35.07,35.07,35.07,0,0
XAU,1M,-489294000,35.08,35.08,35.08,35.08,0,0
XAU,1M,-486529200,35.05,35.05,35.05,35.05,0,0
XAU,1M,-483937200,35.08,35.08,35.08,35.08,0,0
XAU,1M,-481341600,35.08,35.08,35.08,35.08,0,0
XAU,1M,-478663200,35.06,35.06,35.06,35.06,0,0
XAU,1M,-476071200,35.04,35.04,35.04,35.04,0,0
XAU,1M,-473220000,35.04,35.04,35.04,35.04,0,0
XAU,1M,-470714400,35.05,35.05,35.05,35.05,0,0
XAU,1M,-468295200,35.06,35.06,35.06,35.06,0,0
XAU,1M,-465616800,35.05,35.05,35.05,35.05,0,0
XAU,1M,-462942000,35.05,35.05,35.05,35.05,0,0
XAU,1M,-460350000,35.04,35.04,35.04,35.04,0,0
XAU,1M,-457758000,35.05,35.05,35.05,35.05,0,0
XAU,1M,-455079600,35.03,35.03,35.03,35.03,0,0
XAU,1M,-452401200,34.98,34.98,34.98,34.98,0,0
XAU,1M,-449636400,34.98,34.98,34.98,34.98,0,0
XAU,1M,-447127200,34.98,34.98,34.98,34.98,0,0
XAU,1M,-444535200,34.97,34.97,34.97,34.97,0,0
XAU,1M,-441770400,34.99,34.99,34.99,34.99,0,0
XAU,1M,-439178400,34.99,34.99,34.99,34.99,0,0
XAU,1M,-436672800,34.99,34.99,34.99,34.99,0,0
XAU,1M,-433908000,34.98,34.98,34.98,34.98,0,0
XAU,1M,-431406000,34.99,34.99,34.99,34.99,0,0
XAU,1M,-428727600,34.98,34.98,34.98,34.98,0,0
XAU,1M,-426049200,35,35,35,35,0,0
XAU,1M,-423457200,35.02,35.02,35.02,35.02,0,0
XAU,1M,-420606000,35.01,35.01,35.01,35.01,0,0
XAU,1M,-418186800,35.02,35.02,35.02,35.02,0,0
XAU,1M,-415504800,34.98,34.98,34.98,34.98,0,0
XAU,1M,-412740000,34.9,34.9,34.9,34.9,0,0
XAU,1M,-410234400,34.88,34.88,34.88,34.88,0,0
XAU,1M,-407556000,34.89,34.89,34.89,34.89,0,0
XAU,1M,-405136800,34.91,34.91,34.91,34.91,0,0
XAU,1M,-402458400,34.92,34.92,34.92,34.92,0,0
XAU,1M,-399870000,34.93,34.93,34.93,34.93,0,0
XAU,1M,-397018800,34.99,34.99,34.99,34.99,0,0
XAU,1M,-394599600,34.99,34.99,34.99,34.99,0,0
XAU,1M,-391921200,34.97,34.97,34.97,34.97,0,0
XAU,1M,-389156400,34.96,34.96,34.96,34.96,0,0
XAU,1M,-386650800,34.97,34.97,34.97,34.97,0,0
XAU,1M,-383968800,34.97,34.97,34.97,34.97,0,0
XAU,1M,-381290400,34.99,34.99,34.99,34.99,0,0
XAU,1M,-378698400,35.01,35.01,35.01,35.01,0,0
XAU,1M,-375847200,35.08,35.08,35.08,35.08,0,0
XAU,1M,-373428000,35.09,35.09,35.09,35.09,0,0
XAU,1M,-370922400,35.1,35.1,35.1,35.1,0,0
XAU,1M,-368334000,35.11,35.11,35.11,35.11,0,0
XAU,1M,-365569200,35.1,35.1,35.1,35.1,0,0
XAU,1M,-363063600,35.11,35.11,35.11,35.11,0,0
XAU,1M,-360385200,35.1,35.1,35.1,35.1,0,0
XAU,1M,-357706800,35.1,35.1,35.1,35.1,0,0
XAU,1M,-355114800,35.11,35.11,35.11,35.11,0,0
XAU,1M,-352260000,35.1,35.1,35.1,35.1,0,0
XAU,1M,-349840800,35.09,35.09,35.09,35.09,0,0
XAU,1M,-347162400,35.07,35.07,35.07,35.07,0,0
XAU,1M,-344397600,35.06,35.06,35.06,35.06,0,0
XAU,1M,-341978400,35.06,35.06,35.06,35.06,0,0
XAU,1M,-339386400,35.08,35.08,35.08,35.08,0,0
XAU,1M,-336798000,35.12,35.12,35.12,35.12,0,0
XAU,1M,-334119600,35.12,35.12,35.12,35.12,0,0
XAU,1M,-331527600,35.13,35.13,35.13,35.13,0,0
XAU,1M,-328676400,35.12,35.12,35.12,35.12,0,0
XAU,1M,-326170800,35.13,35.13,35.13,35.13,0,0
XAU,1M,-323578800,35.1,35.1,35.1,35.1,0,0
XAU,1M,-320810400,35.06,35.06,35.06,35.06,0,0
XAU,1M,-318304800,35.05,35.05,35.05,35.05,0,0
XAU,1M,-315626400,35.09,35.09,35.09,35.09,0,0
XAU,1M,-312948000,35.09,35.09,35.09,35.09,0,0
XAU,1M,-310442400,35.09,35.09,35.09,35.09,0,0
XAU,1M,-307764000,35.11,35.11,35.11,35.11,0,0
XAU,1M,-305089200,35.1,35.1,35.1,35.1,0,0
XAU,1M,-302497200,35.09,35.09,35.09,35.09,0,0
XAU,1M,-299905200,35.1,35.1,35.1,35.1,0,0
XAU,1M,-297226800,35.13,35.13,35.13,35.13,0,0
XAU,1M,-294548400,35.22,35.22,35.22,35.22,0,0
XAU,1M,-291783600,35.78,35.78,35.78,35.78,0,0
XAU,1M,-289274400,35.82,35.82,35.82,35.82,0,0
XAU,1M,-286682400,35.54,35.54,35.54,35.54,0,0
XAU,1M,-283917600,35.56,35.56,35.56,35.56,0,0
XAU,1M,-281325600,35.17,35.17,35.17,35.17,0,0
XAU,1M,-278906400,35.08,35.08,35.08,35.08,0,0
XAU,1M,-276055200,35.08,35.08,35.08,35.08,0,0
XAU,1M,-273639600,35.06,35.06,35.06,35.06,0,0
XAU,1M,-270961200,35.07,35.07,35.07,35.07,0,0
XAU,1M,-268196400,35.11,35.11,35.11,35.11,0,0
XAU,1M,-265690800,35.16,35.16,35.16,35.16,0,0
XAU,1M,-263012400,35.19,35.19,35.19,35.19,0,0
XAU,1M,-260334000,35.19,35.19,35.19,35.19,0,0
XAU,1M,-257738400,35.19,35.19,35.19,35.19,0,0
XAU,1M,-255146400,35.15,35.15,35.15,35.15,0,0
XAU,1M,-252468000,35.16,35.16,35.16,35.16,0,0
XAU,1M,-249789600,35.13,35.13,35.13,35.13,0,0
XAU,1M,-247370400,35.09,35.09,35.09,35.09,0,0
XAU,1M,-244605600,35.08,35.08,35.08,35.08,0,0
XAU,1M,-242103600,35.08,35.08,35.08,35.08,0,0
XAU,1M,-239425200,35.1,35.1,35.1,35.1,0,0
XAU,1M,-236746800,35.12,35.12,35.12,35.12,0,0
XAU,1M,-234154800,35.12,35.12,35.12,35.12,0,0
XAU,1M,-231303600,35.13,35.13,35.13,35.13,0,0
XAU,1M,-228884400,35.14,35.14,35.14,35.14,0,0
XAU,1M,-226202400,35.09,35.09,35.09,35.09,0,0
XAU,1M,-223437600,35.08,35.08,35.08,35.08,0,0
XAU,1M,-220932000,35.06,35.06,35.06,35.06,0,0
XAU,1M,-218253600,35.08,35.08,35.08,35.08,0,0
XAU,1M,-215834400,35.1,35.1,35.1,35.1,0,0
XAU,1M,-213156000,35.1,35.1,35.1,35.1,0,0
XAU,1M,-210567600,35.08,35.08,35.08,35.08,0,0
XAU,1M,-207716400,35.08,35.08,35.08,35.08,0,0
XAU,1M,-205297200,35.09,35.09,35.09,35.09,0,0
XAU,1M,-202618800,35.1,35.1,35.1,35.1,0,0
XAU,1M,-199854000,35.08,35.08,35.08,35.08,0,0
XAU,1M,-197348400,35.08,35.08,35.08,35.08,0,0
XAU,1M,-194666400,35.08,35.08,35.08,35.08,0,0
XAU,1M,-191988000,35.08,35.08,35.08,35.08,0,0
XAU,1M,-189396000,35.08,35.08,35.08,35.08,0,0
XAU,1M,-186544800,35.08,35.08,35.08,35.08,0,0
XAU,1M,-184125600,35.08,35.08,35.08,35.08,0,0
XAU,1M,-181533600,35.08,35.08,35.08,35.08,0,0
XAU,1M,-178945200,35.08,35.08,35.08,35.08,0,0
XAU,1M,-176266800,35.08,35.08,35.08,35.08,0,0
XAU,1M,-173674800,35.08,35.08,35.08,35.08,0,0
XAU,1M,-170823600,35.08,35.08,35.08,35.08,0,0
XAU,1M,-168318000,35.09,35.09,35.09,35.09,0,0
XAU,1M,-165726000,35.11,35.11,35.11,35.11,0,0
XAU,1M,-162957600,35.1,35.1,35.1,35.1,0,0
XAU,1M,-160452000,35.12,35.12,35.12,35.12,0,0
XAU,1M,-157773600,35.13,35.13,35.13,35.13,0,0
XAU,1M,-155095200,35.14,35.14,35.14,35.14,0,0
XAU,1M,-152676000,35.16,35.16,35.16,35.16,0,0
XAU,1M,-149997600,35.14,35.14,35.14,35.14,0,0
XAU,1M,-147236400,35.1,35.1,35.1,35.1,0,0
XAU,1M,-144730800,35.1,35.1,35.1,35.1,0,0
XAU,1M,-142138800,35.12,35.12,35.12,35.12,0,0
XAU,1M,-139374000,35.15,35.15,35.15,35.15,0,0
XAU,1M,-136782000,35.14,35.14,35.14,35.14,0,0
XAU,1M,-134190000,35.11,35.11,35.11,35.11,0,0
XAU,1M,-131508000,35.11,35.11,35.11,35.11,0,0
XAU,1M,-128916000,35.13,35.13,35.13,35.13,0,0
XAU,1M,-126064800,35.15,35.15,35.15,35.15,0,0
XAU,1M,-123559200,35.17,35.17,35.17,35.17,0,0
XAU,1M,-121140000,35.15,35.15,35.15,35.15,0,0
XAU,1M,-118461600,35.13,35.13,35.13,35.13,0,0
XAU,1M,-115786800,35.12,35.12,35.12,35.12,0,0
XAU,1M,-113194800,35.15,35.15,35.15,35.15,0,0
XAU,1M,-110602800,35.18,35.18,35.18,35.18,0,0
XAU,1M,-107924400,35.18,35.18,35.18,35.18,0,0
XAU,1M,-105246000,35.19,35.19,35.19,35.19,0,0
XAU,1M,-102481200,35.16,35.16,35.16,35.16,0,0
XAU,1M,-99972000,35.16,35.16,35.16,35.16,0,0
XAU,1M,-97380000,35.18,35.18,35.18,35.18,0,0
XAU,1M,-94615200,35.18,35.18,35.18,35.18,0,0
XAU,1M,-92023200,35.17,35.17,35.17,35.17,0,0
XAU,1M,-89604000,35.16,35.16,35.16,35.16,0,0
XAU,1M,-86752800,35.17,35.17,35.17,35.17,0,0
XAU,1M,-84337200,35.18,35.18,35.18,35.18,0,0
XAU,1M,-81658800,35.19,35.19,35.19,35.19,0,0
XAU,1M,-78894000,35.19,35.19,35.19,35.19,0,0
XAU,1M,-76388400,35.19,35.19,35.19,35.19,0,0
XAU,1M,-73710000,35.19,35.19,35.19,35.19,0,0
XAU,1M,-71031600,35.19,35.19,35.19,35.19,0,0
XAU,1M,-68436000,35.2,35.2,35.2,35.2,0,0
XAU,1M,-65844000,35.19,35.19,35.19,35.19,0,0
XAU,1M,-63165600,35.18,35.18,35.18,35.18,0,0
XAU,1M,-60487200,35.2,35.2,35.2,35.2,0,0
XAU,1M,-57981600,35.2,35.2,35.2,35.2,0,0
XAU,1M,-55303200,37.878,37.878,37.878,37.878,0,0
XAU,1M,-52714800,40.691,40.691,40.691,40.691,0,0
XAU,1M,-49863600,41.111,41.111,41.111,41.111,0,0
XAU,1M,-47444400,39.53,39.53,39.53,39.53,0,0
XAU,1M,-44766000,39.17,39.17,39.17,39.17,0,0
XAU,1M,-42001200,40.203,40.203,40.203,40.203,0,0
XAU,1M,-39495600,39.21,39.21,39.21,39.21,0,0
XAU,1M,-36813600,39.795,39.795,39.795,39.795,0,0
XAU,1M,-34135200,41.113,41.113,41.113,41.113,0,0
XAU,1M,-31543200,42.291,42.291,42.291,42.291,0,0
XAU,1M,-28692000,42.616,42.616,42.616,42.616,0,0
XAU,1M,-26272800,43.171,43.171,43.171,43.171,0,0
XAU,1M,-23767200,43.295,43.295,43.295,43.295,0,0
XAU,1M,-21178800,43.461,43.461,43.461,43.461,0,0
XAU,1M,-18414000,41.442,41.442,41.442,41.442,0,0
XAU,1M,-15908400,41.755,41.755,41.755,41.755,0,0
XAU,1M,-13230000,41.128,41.128,41.128,41.128,0,0
XAU,1M,-10551600,40.865,40.865,40.865,40.865,0,0
XAU,1M,-7959600,40.476,40.476,40.476,40.476,0,0
XAU,1M,-5104800,37.452,37.452,37.452,37.452,0,0
XAU,1M,-2685600,35.189,35.189,35.189,35.189,0,0
XAU,1M,-7200,35.4,35.4,34.95,35.2,0,0
XAU,1M,2757600,35.2,35.25,35.15,35.2,0,0
XAU,1M,5176800,35.2,35.5,35.15,35.5,0,0
XAU,1M,7768800,35.55,36.2,35.45,36.1,0,0
XAU,1M,10357200,36.1,36.45,35.85,35.85,0,0
XAU,1M,13035600,35.6,35.9,35.35,35.75,0,0
XAU,1M,15627600,35.75,35.75,35.5,35.55,0,0
XAU,1M,18478800,35.55,36.1,35.5,36.1,0,0
XAU,1M,20984400,36.15,36.65,36.15,36.65,0,0
XAU,1M,23576400,36.6,39.3,36.6,37.55,0,0
XAU,1M,26344800,37.9,37.95,37.05,37.8,0,0
XAU,1M,28850400,37.75,37.95,37.4,37.65,0,0
XAU,1M,31528800,37.75,38.45,37.7,38.35,0,0
XAU,1M,34207200,38.45,39.25,38.45,39.1,0,0
XAU,1M,36626400,39,39.3,39,39.15,0,0
XAU,1M,39304800,39.2,39.95,39.15,39.95,0,0
XAU,1M,42066000,39.7,41.55,39.7,41.15,0,0
XAU,1M,44571600,41.15,41.15,39.85,40.4,0,0
XAU,1M,47163600,40.55,42.7,40.5,42.7,0,0
XAU,1M,49928400,42.65,44.25,41,41,0,0
XAU,1M,52520400,41.45,43.45,41.45,42.9,0,0
XAU,1M,55112400,42.7,43,42.65,42.65,0,0
XAU,1M,57794400,42.45,43.95,42.45,43.95,0,0
XAU,1M,60386400,43.85,44.2,43.05,43.85,0,0
XAU,1M,63237600,44.3,47.6,44.3,47.45,0,0
XAU,1M,65743200,48.4,49.5,47.3,48.5,0,0
XAU,1M,68248800,48.35,48.75,48.35,48.65,0,0
XAU,1M,71100000,48.65,49.9,48.6,49.9,0,0
XAU,1M,73515600,50.65,59.75,50.65,59.75,0,0
XAU,1M,76194000,59.5,65.15,59.5,64.95,0,0
XAU,1M,78958800,65.8,68.6,65.15,68.6,0,0
XAU,1M,81464400,69.6,70.3,65.45,67.15,0,0
XAU,1M,84142800,67.15,67.55,61.55,64.5,0,0
XAU,1M,86821200,64.45,65.9,64.4,64.65,0,0
XAU,1M,89416800,64.3,64.45,60.65,63.9,0,0
XAU,1M,92008800,64.4,65.7,63.2,65.2,0,0
XAU,1M,94687200,65.4,66.35,64.2,66.3,0,0
XAU,1M,97365600,66.9,86.8,66.9,85.3,0,0
XAU,1M,99784800,86,90.3,80.25,90.3,0,0
XAU,1M,102549600,89.55,91.55,89.55,91,0,0
XAU,1M,105051600,91,115.05,90.6,115.05,0,0
XAU,1M,107730000,118.05,126.3,115.8,123.55,0,0
XAU,1M,110408400,121.3,126.45,114.55,115.9,0,0
XAU,1M,113000400,117.8,117.8,94.3,103.8,0,0
XAU,1M,115851600,105.4,106.4,100.3,100.3,0,0
XAU,1M,118270800,97.05,104.05,97.05,98.3,0,0
XAU,1M,120952800,97.3,102.5,90.3,101.25,0,0
XAU,1M,123717600,100.75,112.3,100.75,112.3,0,0
XAU,1M,126223200,116.8,141.3,116.8,132.8,0,0
XAU,1M,128898000,130.8,175.3,130.8,162.8,0,0
XAU,1M,131317200,167.8,177.8,159.3,173.3,0,0
XAU,1M,133995600,174.4,179.8,167.3,169.55,0,0
XAU,1M,136587600,169.8,169.95,154.3,157.25,0,0
XAU,1M,139438800,155.8,162.05,144.55,144.55,0,0
XAU,1M,141858000,143.3,158,134.3,156.5,0,0
XAU,1M,144536400,159.65,159.65,151.8,156.3,0,0
XAU,1M,147301200,158.05,158.05,145.7,151.55,0,0
XAU,1M,149806800,156.05,168.5,154.3,167.25,0,0
XAU,1M,152488800,168.05,190.8,168.05,184.55,0,0
XAU,1M,155167200,186.05,195.5,174.5,186.75,0,0
XAU,1M,157759200,184,184.8,167.5,178,0,0
XAU,1M,160610400,179.1,189,171.3,183,0,0
XAU,1M,163026000,183.3,187.5,175,179.5,0,0
XAU,1M,165531600,179.7,179.9,162.3,166.8,0,0
XAU,1M,168123600,167,176.9,163.4,169,0,0
XAU,1M,170888400,164.5,175,160,167.8,0,0
XAU,1M,173394000,168.3,175.4,161.4,173.4,0,0
XAU,1M,176072400,173.8,173.9,160.4,162.8,0,0
XAU,1M,178750800,152.8,156.3,129,142.2,0,0
XAU,1M,181342800,145,148,138.5,142.8,0,0
XAU,1M,184197600,143.5,149.1,136.8,137.3,0,0
XAU,1M,186616800,138.8,147.9,136.7,141,0,0
XAU,1M,189295200,140.8,141.5,123.4,129,0,0
XAU,1M,192060000,130.5,134.7,128.5,132.6,0,0
XAU,1M,194479200,132.5,135.3,127.5,129.7,0,0
XAU,1M,197157600,129.7,131,126.9,128.9,0,0
XAU,1M,199918800,128.8,129.8,124.1,126,0,0
XAU,1M,202424400,127.8,132.5,123.5,123.9,0,0
XAU,1M,205016400,123.6,124.5,105,114.2,0,0
XAU,1M,207781200,113.7,115.2,100,103.2,0,0
XAU,1M,210373200,104.3,121,104.1,116.1,0,0
XAU,1M,212965200,115.8,126,112.9,123.8,0,0
XAU,1M,215647200,122.8,141,122.8,132.6,0,0
XAU,1M,218239200,131.9,139.9,131.3,135.7,0,0
XAU,1M,221090400,135.5,137.7,127.5,134,0,0
XAU,1M,223596000,134,145.4,132.8,144.6,0,0
XAU,1M,226015200,143,154.7,142.4,151,0,0
XAU,1M,228693600,150.5,154.7,144.8,148,0,0
XAU,1M,231368400,147.9,149.7,142,144.3,0,0
XAU,1M,233960400,144.8,145.6,137.6,143.6,0,0
XAU,1M,236552400,143.5,147.4,140.5,145.1,0,0
XAU,1M,239230800,147.2,150.2,144,148.1,0,0
XAU,1M,241909200,147.7,157.1,147.4,156.4,0,0
XAU,1M,244674000,157.8,166.8,155.4,162.7,0,0
XAU,1M,247183200,163.8,169.9,154.7,162.3,0,0
XAU,1M,249775200,162.9,167.9,157.1,167.5,0,0
XAU,1M,252540000,169.9,179,165.5,178.9,0,0
XAU,1M,255132000,179.4,185.8,173.6,184.4,0,0
XAU,1M,257551200,184.9,192.8,176,186.2,0,0
XAU,1M,260402400,185.7,185.9,166.8,170.6,0,0
XAU,1M,262818000,170.3,188.4,169.2,187,0,0
XAU,1M,265496400,185.5,189.3,181.9,183.7,0,0
XAU,1M,268261200,184.5,210,183.2,209.8,0,0
XAU,1M,270766800,214,221.5,201.5,210.6,0,0
XAU,1M,273445200,212,224.6,207.6,220.9,0,0
XAU,1M,276123600,220.5,249.4,220.2,240.7,0,0
XAU,1M,278719200,230.7,230.7,192,196.4,0,0
XAU,1M,281311200,196,229.6,195.8,229,0,0
XAU,1M,283989600,229.1,239.3,216.6,236.6,0,0
XAU,1M,286668000,235,258.8,232,252.9,0,0
XAU,1M,289087200,250.7,252.9,235,243.8,0,0
XAU,1M,291852000,243.8,250.7,231.8,249.2,0,0
XAU,1M,294354000,250,282,246.1,281.1,0,0
XAU,1M,297032400,280.5,287.5,275,283.8,0,0
XAU,1M,299710800,284.3,314.8,282.3,297.3,0,0
XAU,1M,302302800,299,330,288,326.7,0,0
XAU,1M,305154000,334,409,330.5,404.5,0,0
XAU,1M,307573200,416.5,444.5,373,385.7,0,0
XAU,1M,310255200,381.5,432.8,365,430.5,0,0
XAU,1M,313020000,440,543,433,541,0,0
XAU,1M,315525600,566,873,566,704,0,0
XAU,1M,318204000,700,742.5,617,640,0,0
XAU,1M,320882400,643,660,453,519,0,0
XAU,1M,323388000,525,570,483,507,0,0
XAU,1M,325976400,500,562.5,482,555,0,0
XAU,1M,328741200,580,666,560,654,0,0
XAU,1M,331246800,670,696,604,642,0,0
XAU,1M,333925200,643,670.5,620,656,0,0
XAU,1M,336603600,656,748.5,656,688.5,0,0
XAU,1M,339195600,699,708.5,627,642,0,0
XAU,1M,342050400,640,665,593,624.6,0,0
XAU,1M,344469600,656,658,558,599.5,0,0
XAU,1M,347148000,593.5,612,485,512.5,0,0
XAU,1M,349912800,505,530.5,485,486.5,0,0
XAU,1M,352332000,471,554,453,525.5,0,0
XAU,1M,354924000,524,545.5,476,489,0,0
XAU,1M,357512400,488,503,464,479.4,0,0
XAU,1M,360190800,495.5,497.5,427,428.5,0,0
XAU,1M,362782800,426.5,431.5,397,423.2,0,0
XAU,1M,365634000,411,463,405,443.5,0,0
XAU,1M,368139600,441,482.5,428,443,0,0
XAU,1M,370731600,446,469,426.5,431.2,0,0
XAU,1M,373500000,432,436,392.5,413.3,0,0
XAU,1M,376005600,407,437,396.5,402.8,0,0
XAU,1M,378684000,399,411,369,384.6,0,0
XAU,1M,381362400,387,394.4,362.7,364.5,0,0
XAU,1M,383781600,362.5,366.5,312.5,334.2,0,0
XAU,1M,386460000,334.5,377.5,328.8,346.5,0,0
XAU,1M,389221200,351,351,321.5,322.2,0,0
XAU,1M,391726800,325.5,343,297.5,317.8,0,0
XAU,1M,394318800,314,369.7,308.3,355.5,0,0
XAU,1M,397083600,364.5,441,340.2,418.5,0,0
XAU,1M,399675600,413.5,509,396,404.8,0,0
XAU,1M,402267600,408.5,465,390,423,0,0
XAU,1M,404949600,431,449.5,398,449,0,0
XAU,1M,407541600,446,468.8,435,453,0,0
XAU,1M,410392800,455,519,449.5,518.2,0,0
XAU,1M,412898400,517.5,520,423.7,423.7,0,0
XAU,1M,415317600,416,442,406.5,422,0,0
XAU,1M,417996000,422.5,450.8,422.5,433.5,0,0
XAU,1M,420670800,430.7,452.5,417.8,418.5,0,0
XAU,1M,423262800,420,428.3,401,418.5,0,0
XAU,1M,425854800,419.5,439,409.5,412.8,0,0
XAU,1M,428533200,427,441,418.5,424.8,0,0
XAU,1M,431211600,426.3,429,401,407.8,0,0
XAU,1M,433976400,396,408.8,378,378.8,0,0
XAU,1M,436485600,377.8,414,373,409,0,0
XAU,1M,439077600,405,410,375.5,388,0,0
XAU,1M,441842400,385.5,386.4,362.5,379.2,0,0
XAU,1M,444434400,384,406,379.1,398.9,0,0
XAU,1M,446940000,398.2,410.5,385.5,394.3,0,0
XAU,1M,449704800,394.5,395,377.8,379.6,0,0
XAU,1M,452206800,379.8,395.5,370,393.6,0,0
XAU,1M,454885200,399.3,405.3,370,376.1,0,0
XAU,1M,457563600,373,374.3,332,350.3,0,0
XAU,1M,460155600,350.5,369,349,358,0,0
XAU,1M,463006800,350,356.5,341.6,351.3,0,0
XAU,1M,465426000,352,355.8,333.5,336,0,0
XAU,1M,468108000,335.7,353.5,325,333.5,0,0
XAU,1M,470872800,332.5,337,306.6,309.7,0,0
XAU,1M,473378400,307,311,296.7,307.4,0,0
XAU,1M,476056800,306,308.5,282.6,288.7,0,0
XAU,1M,478476000,288.7,335,287,329.6,0,0
XAU,1M,481154400,324.5,338.6,315,316.5,0,0
XAU,1M,483742800,317.3,329.8,308.6,319.5,0,0
XAU,1M,486594000,320.1,331.3,312.5,317.7,0,0
XAU,1M,489013200,317.1,337.5,308.3,335.2,0,0
XAU,1M,491691600,332.5,350.2,326.5,339.8,0,0
XAU,1M,494456400,335,336.5,318.2,327.1,0,0
XAU,1M,496962000,326,335.7,324.9,326.7,0,0
XAU,1M,499644000,325.7,333.4,322.1,327.3,0,0
XAU,1M,502322400,327.8,332.4,315.5,331.1,0,0
XAU,1M,504914400,329.8,369.5,328,352.9,0,0
XAU,1M,507765600,351,357.5,331.7,341,0,0
XAU,1M,510184800,340.5,359.6,334,334.8,0,0
XAU,1M,512690400,336,352.5,330.8,348.1,0,0
XAU,1M,515278800,348,348.8,337.7,347.1,0,0
XAU,1M,518043600,346.2,355,336.5,347.7,0,0
XAU,1M,520549200,348.2,371.3,343.3,369.7,0,0
XAU,1M,523227600,367,404.5,364,393.3,0,0
XAU,1M,525906000,399,446,397.1,429.8,0,0
XAU,1M,528498000,430.3,446.5,400,405.5,0,0
XAU,1M,531352800,405,413.8,376.5,390.9,0,0
XAU,1M,533772000,402,408,386.5,406.9,0,0
XAU,1M,536450400,406.5,425,399,408.9,0,0
XAU,1M,539215200,409.7,412,391.4,407.4,0,0
XAU,1M,541634400,406.6,429.9,403,422.7,0,0
XAU,1M,544226400,422.5,480.5,418.5,456.5,0,0
XAU,1M,546814800,455.5,481.5,445.5,450.2,0,0
XAU,1M,549493200,449.5,468.8,437.6,452.2,0,0
XAU,1M,552085200,451.5,475.7,442.5,475.1,0,0
XAU,1M,554936400,486,490.2,456.9,458.7,0,0
XAU,1M,557442000,462,474.8,458,458.8,0,0
XAU,1M,560034000,459.8,496,457.9,471.2,0,0
XAU,1M,562802400,472.3,503,456,497.2,0,0
XAU,1M,565308000,493.5,507.4,475,488.9,0,0
XAU,1M,567986400,484,488.5,450,454.2,0,0
XAU,1M,570664800,458.5,461.9,425.1,431.9,0,0
XAU,1M,573170400,430.5,463.2,425.9,457.9,0,0
XAU,1M,575848800,461.5,464,448.2,452.6,0,0
XAU,1M,578523600,449.5,463,443.6,459.8,0,0
XAU,1M,581115600,461.6,473.8,432.3,437.7,0,0
XAU,1M,583707600,438.5,449,424,436.1,0,0
XAU,1M,586386000,447.6,448.6,433,439.9,0,0
XAU,1M,589064400,439,439.7,395.5,399.2,0,0
XAU,1M,591829200,398.8,419,398.1,415.1,0,0
XAU,1M,594338400,413.7,429.8,412.6,429.6,0,0
XAU,1M,596930400,429.8,438,409.5,412.3,0,0
XAU,1M,599695200,416.1,416.3,393.1,395.8,0,0
XAU,1M,602287200,396,401.2,382,390.4,0,0
XAU,1M,604706400,388.2,400.2,381.8,390,0,0
XAU,1M,607554000,390.3,396.9,379.6,380.5,0,0
XAU,1M,609973200,377.8,383,360.6,366.5,0,0
XAU,1M,612651600,366.3,384.8,360.5,377.3,0,0
XAU,1M,615416400,379.5,390.8,365.8,378.7,0,0
XAU,1M,617922000,378.5,382.5,364.6,365.4,0,0
XAU,1M,620600400,365.7,376.7,360.6,372,0,0
XAU,1M,623278800,371.2,382.3,364.3,377.6,0,0
XAU,1M,625874400,377.7,419.7,375.7,417.5,0,0
XAU,1M,628466400,418.2,424.2,400.1,405.2,0,0
XAU,1M,631144800,401,427,394.5,417.8,0,0
XAU,1M,633823200,418.8,430.3,407.5,408.9,0,0
XAU,1M,636242400,409.3,410.4,362.5,375,0,0
XAU,1M,639003600,372.3,385.4,367.7,371.4,0,0
XAU,1M,641509200,372.4,377.6,361,368.6,0,0
XAU,1M,644187600,367.5,368.9,348.2,359.9,0,0
XAU,1M,646866000,359.5,382.2,352,379.2,0,0
XAU,1M,649458000,379.3,425,379.2,389.2,0,0
XAU,1M,652309200,390.1,414.3,381.6,408.1,0,0
XAU,1M,654728400,402.9,404,361.5,381.3,0,0
XAU,1M,657410400,383,393.3,376,385.7,0,0
XAU,1M,660175200,384.9,396.5,369.1,396.2,0,0
XAU,1M,662680800,395.1,406.9,367.8,368.5,0,0
XAU,1M,665359200,371.5,373.7,357,369,0,0
XAU,1M,667778400,368.5,372.8,354.5,357.1,0,0
XAU,1M,670456800,359.1,368.2,352.6,357.7,0,0
XAU,1M,673045200,358.6,367.7,354.6,364.8,0,0
XAU,1M,675896400,366.8,377.9,361.5,370,0,0
XAU,1M,678315600,370.2,373.2,362.3,370.8,0,0
XAU,1M,680994000,370.7,370.9,350.1,352.9,0,0
XAU,1M,683758800,351.3,359.5,346,357.3,0,0
XAU,1M,686264400,357.1,367.4,356.7,359.5,0,0
XAU,1M,688946400,359.5,371.2,353.6,371.1,0,0
XAU,1M,691624800,371.6,374.9,352.3,353.9,0,0
XAU,1M,694216800,351.2,361.5,348.5,358.9,0,0
XAU,1M,697068000,359.5,360.5,349.4,354.1,0,0
XAU,1M,699487200,351.3,353,336.3,345.5,0,0
XAU,1M,702079200,346,346.9,334.9,337.9,0,0
XAU,1M,704667600,338.1,341.7,335.1,336.4,0,0
XAU,1M,707346000,338.7,346.9,338.2,344.4,0,0
XAU,1M,709938000,345.1,362,344.3,361.4,0,0
XAU,1M,712789200,360.5,360.6,335,345.3,0,0
XAU,1M,715294800,345.5,354.5,340.3,349.4,0,0
XAU,1M,717886800,348.9,353.4,336.9,340.1,0,0
XAU,1M,720655200,339.9,340.8,328.9,335.5,0,0
XAU,1M,723160800,335.8,340.1,332,333.1,0,0
XAU,1M,725839200,329.1,332.7,326.3,330.2,0,0
XAU,1M,728517600,330.2,334.6,327.8,329.1,0,0
XAU,1M,730936800,329.5,341.7,325.8,339.3,0,0
XAU,1M,733615200,338.6,358.5,336,357.2,0,0
XAU,1M,736376400,358.8,384.5,354.3,378.3,0,0
XAU,1M,738882000,379.7,381,361.7,379.2,0,0
XAU,1M,741474000,378.9,411.7,378.1,411.3,0,0
XAU,1M,744238800,410.4,414,367,375.7,0,0
XAU,1M,746830800,374.4,375,343,357.1,0,0
XAU,1M,749422800,356.4,376.7,350,369.6,0,0
XAU,1M,752104800,368.6,381.2,360.7,371.9,0,0
XAU,1M,754696800,371.4,393.9,370.4,391.9,0,0
XAU,1M,757548000,391.9,397.8,375.3,383.6,0,0
XAU,1M,760053600,383.6,392.3,375.7,382.5,0,0
XAU,1M,762472800,381.8,396.5,374,394.3,0,0
XAU,1M,765151200,394.7,395.8,369.5,377.8,0,0
XAU,1M,767826000,377.7,391.4,373.1,390,0,0
XAU,1M,770418000,390.4,397.9,380.4,387.3,0,0
XAU,1M,773010000,386.8,390.3,381.5,383,0,0
XAU,1M,775688400,390.1,394,380.2,390.8,0,0
XAU,1M,778366800,390.5,401.9,389.9,397.6,0,0
XAU,1M,781131600,396.2,399.8,383.7,384.9,0,0
XAU,1M,783640800,384.7,387.9,382.4,384.5,0,0
XAU,1M,786232800,383.7,386.8,377.7,384.4,0,0
XAU,1M,788997600,382.4,386,372,377.7,0,0
XAU,1M,791589600,378.7,382.4,376.3,378.3,0,0
XAU,1M,794008800,377.4,402,374.5,394.3,0,0
XAU,1M,796856400,395.2,400.8,387.3,388.5,0,0
XAU,1M,799275600,389.9,393.9,381.5,387.6,0,0
XAU,1M,801954000,386.6,395,384.2,385.6,0,0
XAU,1M,804718800,385.2,396.3,381.6,388.4,0,0
XAU,1M,807224400,388.2,396,385.4,386.9,0,0
XAU,1M,809902800,386.4,390.6,383.1,386.5,0,0
XAU,1M,812581200,385.9,388.7,382.6,384.3,0,0
XAU,1M,815176800,384.1,391.5,381.5,388.6,0,0
XAU,1M,817768800,387.6,392.4,386.7,388.1,0,0
XAU,1M,820447200,392,410.4,388,408.5,0,0
XAU,1M,823125600,409.2,419.6,397.5,401.2,0,0
XAU,1M,825631200,401.1,401.8,392.3,395.8,0,0
XAU,1M,828309600,398.1,401,391.5,393.5,0,0
XAU,1M,830898000,393.5,398,389.8,394.4,0,0
XAU,1M,833749200,394.3,394.3,381.5,381.6,0,0
XAU,1M,836168400,382.3,393.3,381.5,393.1,0,0
XAU,1M,838846800,392.9,396.2,390,391.3,0,0
XAU,1M,841611600,391.5,391.5,380.1,380.5,0,0
XAU,1M,844117200,380.8,386.5,378.5,379.1,0,0
XAU,1M,846799200,378.8,385.8,372.5,373,0,0
XAU,1M,849477600,373.9,376.1,367.7,369.2,0,0
XAU,1M,852069600,369.2,369.4,345.4,346,0,0
XAU,1M,854920800,346.3,365.5,338.5,365.1,0,0
XAU,1M,857340000,365.1,366,346.3,354,0,0
XAU,1M,859845600,354.3,355.1,339.5,341.2,0,0
XAU,1M,862434000,341.1,352.2,340.4,347.5,0,0
XAU,1M,865198800,347.3,347.6,334.6,335.3,0,0
XAU,1M,867704400,334.9,335.8,314.6,328.6,0,0
XAU,1M,870382800,328.9,333.4,321,325,0,0
XAU,1M,873061200,324.2,329.3,321.2,328,0,0
XAU,1M,875653200,326.6,327.6,325.3,325.6,0,0
XAU,1M,878508000,312.2,312.2,306.5,306.5,0,0
XAU,1M,880927200,283.5,296.6,283.5,296.2,0,0
XAU,1M,883605600,281.6,292.3,281.6,292.3,0,0
XAU,1M,886370400,295.1,299.8,291.8,291.8,0,0
XAU,1M,888789600,295.8,299.4,290.9,299.4,0,0
XAU,1M,891381600,299.5,314.3,299.5,310.4,0,0
XAU,1M,893970000,302.45,305.5,299,299.6,0,0
XAU,1M,896648400,290.85,298.5,286.8,293.4,0,0
XAU,1M,899240400,296.2,296.2,293.6,293.9,0,0
XAU,1M,902091600,282.7,287.7,271.5,274.1,0,0
XAU,1M,904597200,290.1,290.1,289.5,289.5,0,0
XAU,1M,907189200,298.2,300.7,292.2,293.4,0,0
XAU,1M,909957600,290.35,297.5,290.35,292.65,0,0
XAU,1M,912463200,293.5,296.8,286,288,0,0
XAU,1M,915141600,287.5,292.45,282.9,285.9,0,0
XAU,1M,917820000,288.65,289.65,284.5,286.8,0,0
XAU,1M,920239200,286.4,294.1,278.8,279.8,0,0
XAU,1M,922917600,279.9,286.3,277.5,286.3,0,0
XAU,1M,925678800,286.2,289.3,269.1,270,0,0
XAU,1M,928184400,267.4,267.4,257.5,261.25,0,0
XAU,1M,930776400,262.25,263.8,252.7,255.7,0,0
XAU,1M,933541200,255.65,261.7,252.1,255.5,0,0
XAU,1M,936133200,255.7,327.3,253.6,301.5,0,0
XAU,1M,938725200,297.25,339,286.5,298.2,0,0
XAU,1M,941407200,294.5,299.4,282,290.2,0,0
XAU,1M,943999200,290.7,292.25,275,287.5,0,0
XAU,1M,946850400,288,290.6,279.6,283.1,0,0
XAU,1M,949356000,283.3,319,281.5,291.7,0,0
XAU,1M,951861600,291.7,298.25,274.7,278.4,0,0
XAU,1M,954709200,278.5,288.2,273.1,273.1,0,0
XAU,1M,957128400,275,281.9,269.7,271.6,0,0
XAU,1M,959806800,271.7,293.75,271.7,288.6,0,0
XAU,1M,962571600,288.6,289.6,276.8,277,0,0
XAU,1M,965077200,276.95,278.8,271,277.5,0,0
XAU,1M,967755600,277.5,279.3,268.9,274,0,0
XAU,1M,970434000,274.1,277.4,262.42,264.25,0,0
XAU,1M,973029600,264.45,271,262.8,270.5,0,0
XAU,1M,975621600,266.9,278.6,266.9,272.1,0,0
XAU,1M,978300000,272.45,273.3,261.7,265.45,0,0
XAU,1M,980978400,265.65,270.4,254.1,266.9,0,0
XAU,1M,983397600,266.9,278.6,257.5,257.7,0,0
XAU,1M,986158800,257.8,266.9,254.7,263.8,0,0
XAU,1M,988664400,263.8,298,263.8,265.6,0,0
XAU,1M,991342800,265.6,279,265,270.6,0,0
XAU,1M,994021200,270.6,272.5,263.8,266.6,0,0
XAU,1M,996613200,266.6,281.2,266.4,274.2,0,0
XAU,1M,999464400,273.25,295.1,271.2,292.95,0,0
XAU,1M,1001883600,292,293.7,274.5,279.4,0,0
XAU,1M,1004565600,279.25,282,272.3,274.15,0,0
XAU,1M,1007330400,274.15,281,271.7,278.7,0,0
XAU,1M,1009836000,278.7,289.5,277.1,282.3,0,0
XAU,1M,1012514400,282.7,307.8,281.9,296.3,0,0
XAU,1M,1014933600,296.3,304.5,287.95,302.25,0,0
XAU,1M,1017612000,302.25,312,297.4,307.75,0,0
XAU,1M,1020200400,308.2,329.3,306.7,326.2,0,0
XAU,1M,1023051600,326.3,331.15,310.4,314.2,0,0
XAU,1M,1025470800,314.2,325.9,301,303.3,0,0
XAU,1M,1028149200,303.3,318,298.8,312.5,0,0
XAU,1M,1030914000,312.5,328.1,311.5,323.5,0,0
XAU,1M,1033419600,323.5,324.2,308.5,317.5,0,0
XAU,1M,1036101600,317.5,325.5,312,317.9,0,0
XAU,1M,1038780000,317.9,355,315.7,347.8,0,0
XAU,1M,1041372000,347.8,373.7,340,367.9,0,0
XAU,1M,1044223200,367.9,389.5,341.5,349.7,0,0
XAU,1M,1046642400,349.7,358.2,325.8,337.1,0,0
XAU,1M,1049148000,337.2,339.7,319.4,338.3,0,0
XAU,1M,1051736400,338.3,374.4,338.2,364.2,0,0
XAU,1M,1054501200,364.98,369.8,342.9,345.3,0,0
XAU,1M,1057006800,345.1,374.7,340.6,354.1,0,0
XAU,1M,1059685200,354.85,377.4,345.4,375.2,0,0
XAU,1M,1062363600,375.2,393.5,370,385,0,0
XAU,1M,1064955600,385,392.2,366.2,384,0,0
XAU,1M,1067810400,384,400.6,376.1,397.9,0,0
XAU,1M,1070229600,397.9,417.5,396.9,415.6,0,0
XAU,1M,1072908000,415.6,430.5,396.4,402.4,0,0
XAU,1M,1075672800,402.3,417,390.9,395.9,0,0
XAU,1M,1078092000,395.9,427.2,388.1,425.9,0,0
XAU,1M,1080770400,425.8,432.1,377.7,386.8,0,0
XAU,1M,1083531600,386.6,396.7,371.6,395.3,0,0
XAU,1M,1086037200,395.3,405,381.9,393.5,0,0
XAU,1M,1088629200,393.5,409.1,384.5,390.5,0,0
XAU,1M,1091394000,391.25,414.1,389.2,409.5,0,0
XAU,1M,1093986000,409.6,418.9,395.3,418.7,0,0
XAU,1M,1096578000,418.7,430.6,409.25,428.1,0,0
XAU,1M,1099260000,428.1,455.1,417.5,450.8,0,0
XAU,1M,1101852000,450.8,456.7,431.8,438,0,0
XAU,1M,1104703200,438,438,416.9,422.1,0,0
XAU,1M,1107208800,422.1,438,410.5,435.1,0,0
XAU,1M,1109628000,435.2,446.9,423.8,428.2,0,0
XAU,1M,1112306400,428.1,437.7,422.2,435,0,0
XAU,1M,1114981200,434.75,434.75,413.8,416.8,0,0
XAU,1M,1117573200,416.8,443.53,414.8,434.5,0,0
XAU,1M,1120165200,434.8,436.5,417.9,429.2,0,0
XAU,1M,1122843600,429.5,449.9,428.4,434.85,0,0
XAU,1M,1125522000,434.9,475.7,434.3,468.7,0,0
XAU,1M,1128286800,469.9,480.4,460.1,465.6,0,0
XAU,1M,1130796000,465.6,505.12,455.1,492.7,0,0
XAU,1M,1133388000,492.8,541.3,489.7,514.77,0,0
XAU,1M,1136152800,513.05,572.7,513.05,568.5,0,0
XAU,1M,1138744800,568.6,575.15,535.1,561.6,0,0
XAU,1M,1141164000,561.2,589.55,534.2,583.65,40762,2038.1
XAU,1M,1144011600,583.65,655.8,582.25,654.95,103078,7192
XAU,1M,1146430800,654.95,730.45,636.1,645.1,113452,12864.6
XAU,1M,1149109200,645.1,645.85,542.25,615.85,101836,17956.4
XAU,1M,1151874000,615.85,677.15,602.35,636.65,77642,21838.5
XAU,1M,1154379600,636.65,656.3,607.15,627,137051,28691.05
XAU,1M,1157058000,627,640.45,570.9,598.25,165211,36951.6
XAU,1M,1159736400,598.25,611.05,559.7,607,287043,51303.75
XAU,1M,1162332000,607,648.95,605.9,648,298841,66245.8
XAU,1M,1164924000,648,650.15,611.85,636.65,226968,77594.2
XAU,1M,1167602400,636.65,654.8,602.35,652.8,203459,87767.15
XAU,1M,1170280800,652.8,688.8,643.45,669.3,231855,99359.9
XAU,1M,1172700000,669.3,677.35,632.8,663.85,302196,114469.7
XAU,1M,1175461200,663.85,693.95,656.6,678.55,257176,127328.5
XAU,1M,1177966800,678.55,690.95,652,660.55,259014,140279.2
XAU,1M,1180645200,660.55,674.1,639.23,649.65,249164,152737.4
XAU,1M,1183323600,649.65,687.76,645.35,664.3,232135,164344.15
XAU,1M,1185915600,664.3,676.92,642.12,673.24,267919,177740.1
XAU,1M,1188766800,673.24,746.05,671.59,743.65,249777,190228.95
XAU,1M,1191186000,743.65,797.3,720.92,796.8,409213,210689.6
XAU,1M,1193864400,796.8,845.955,772.8,782.25,490107,233156.85
XAU,1M,1196632800,782.25,843.11,777,833.56,350936,245549.75
XAU,1M,1199138400,833.56,936.55,833.56,926.23,465785,263166.4
XAU,1M,1201816800,926.23,976.15,884.4,973.45,454347,280791.95
XAU,1M,1204495200,973.45,1032.85,904.75,916.29,557265,304773.1
XAU,1M,1206997200,916.29,953.19,862.7,877.6,561639,326002.5
XAU,1M,1209589200,877.6,935.5,845.4,886.52,918080,363645.95
XAU,1M,1212354000,886.52,935.135,857.7,925.44,1085238,403555.7
XAU,1M,1214859600,925.44,988.58,894.105,914.13,1208849,449056.1
XAU,1M,1217538000,914.13,917.35,772.95,831.05,905890,483002.2
XAU,1M,1220216400,831.05,926.65,736.35,870.95,1148157,530237.1
XAU,1M,1222808400,870.95,931.95,681.65,724.6,1114568,574372.75
XAU,1M,1225663200,724.6,831.6,700.43,817.98,1060685,612297.2
XAU,1M,1228082400,817.98,890.85,741.4,881.7,1080397,653458.25
XAU,1M,1230760800,881.7,929.755,801.825,927.8,1086954,694855.25
XAU,1M,1233525600,927.8,1006.45,889.63,942.75,700867,717440.4
XAU,1M,1235944800,942.75,967.2,883.405,919.15,928372,752252.25
XAU,1M,1238533200,919.15,933.645,864.98,888,799197,778816.15
XAU,1M,1241125200,888,980.35,880.2,979.1,648051,798729.85
XAU,1M,1243803600,979.1,990.305,913.21,926.44,554628,806000.6
XAU,1M,1246395600,926.44,959.14,905.165,954.05,426836,802837.05
XAU,1M,1249246800,954.05,971.865,930.45,951.25,427820,806681.25
XAU,1M,1251752400,951.25,1024.28,946.615,1007.67,536364,810210.2
XAU,1M,1254344400,1007.67,1070.79,986.9,1045.55,453789,810182.3
XAU,1M,1257112800,1045.55,1195.395,1041.98,1179.52,529796,808808.85
XAU,1M,1259618400,1179.52,1226.525,1074.735,1097.12,704859,815969.85
XAU,1M,1262296800,1097.12,1162.08,1074.21,1081.13,608651,800498.4
XAU,1M,1264975200,1081.13,1131.26,1044.475,1117.73,712073,781840.15
XAU,1M,1267394400,1117.73,1145.185,1085.315,1113.17,652834,754039.4
XAU,1M,1270069200,1113.17,1181.785,1106.43,1179.1,504973,733993.55
XAU,1M,1272834000,1179.1,1249.495,1156.595,1216.25,856870,719429.2
XAU,1M,1275339600,1216.25,1265.265,1196.595,1242.37,699668,698684.2
XAU,1M,1277931600,1242.37,1243.99,1156.83,1181.05,601033,675701.6
XAU,1M,1280696400,1181.05,1249.97,1174.61,1247.42,507497,647056.6
XAU,1M,1283288400,1247.42,1316.025,1236.76,1308.66,590202,622219
XAU,1M,1285880400,1308.66,1387.285,1306.35,1359.39,1020105,638180.9
XAU,1M,1288558800,1359.39,1424.55,1325.64,1386.16,1330498,658287.2
XAU,1M,1291154400,1386.16,1431.375,1361.21,1421.46,965157,666585.2
XAU,1M,1294005600,1421.46,1424.055,1308.41,1332.64,911318,679748.55
XAU,1M,1296511200,1332.64,1418.335,1325,1411.2,677877,685911
XAU,1M,1298930400,1411.2,1447.832,1381.025,1432.313,961986,712668.5
XAU,1M,1301605200,1432.313,1569.465,1412.771,1563.75,1019094,742232.2
XAU,1M,1304283600,1563.75,1576.472,1462.702,1535.639,1611162,795972.1
XAU,1M,1306875600,1535.639,1558.242,1490.812,1500.078,1074463,827005.8
XAU,1M,1309467600,1500.078,1632.826,1478.257,1627.15,1030234,852027.7
XAU,1M,1312146000,1627.15,1912.277,1605.9,1825.613,3309904,982279.95
XAU,1M,1314824400,1825.613,1921.07,1533.207,1623.813,2837484,1093721.6
XAU,1M,1317589200,1623.813,1752.728,1596.009,1714.997,1909676,1153601.75
XAU,1M,1320094800,1714.997,1803.023,1666.683,1746.439,1603207,1201120.4
XAU,1M,1322690400,1746.439,1763.305,1522.764,1565.025,976368,1224690.15
XAU,1M,1325455200,1565.025,1747.693,1565.025,1737.721,829412,1223317.25
XAU,1M,1328047200,1737.721,1790.792,1688.483,1696.912,863985,1231533.1
XAU,1M,1330552800,1696.912,1726.175,1628.18,1668.324,918246,1247393.75
XAU,1M,1333314000,1668.324,1683.574,1612.394,1664.889,610793,1252558.55
XAU,1M,1335819600,1664.889,1671.62,1527.117,1560.508,941717,1270134.3
XAU,1M,1338498000,1560.508,1640.938,1545.293,1597.584,951439,1266701
XAU,1M,1341176400,1597.584,1629.692,1555.126,1614.535,644194,1232385.8
XAU,1M,1343768400,1614.535,1693.146,1584.153,1691.885,543846,1211320.25
XAU,1M,1346619600,1691.885,1787.584,1685.587,1772.262,607334,1196121.05
XAU,1M,1349038800,1772.262,1796.001,1698.736,1720.617,586640,1191559.2
XAU,1M,1351717200,1720.617,1754.49,1672.738,1714.878,549609,1170940.35
XAU,1M,1354485600,1714.878,1723.438,1635.807,1676.244,1075053,1173738.3
XAU,1M,1356991200,1676.244,1697.37,1626.022,1663.67,1992036,1192782
XAU,1M,1359669600,1663.67,1685.483,1555.096,1579.608,2976107,1287864.2
XAU,1M,1362088800,1579.608,1616.958,1561.552,1596.946,2646214,1368663.2
XAU,1M,1364763600,1596.946,1604.019,1321.936,1476.744,5211521,1463744.05
XAU,1M,1367355600,1476.744,1488.081,1338.272,1387.96,5073154,1575527.55
XAU,1M,1370206800,1387.96,1423.726,1180.512,1234.686,5431505,1751619
XAU,1M,1372626000,1234.686,1348.176,1208.306,1325.082,5240411,1933479.2
XAU,1M,1375304400,1325.082,1433.773,1272.964,1395.288,5456923,2157506.95
XAU,1M,1378069200,1395.288,1416.442,1291.981,1328.924,4522972,2342184.95
XAU,1M,1380574800,1328.924,1361.936,1251.691,1323.138,5392875,2568629.45
XAU,1M,1383253200,1323.138,1327.584,1225.535,1251.215,3224679,2683951.1
XAU,1M,1385935200,1251.215,1267.964,1182.444,1205.094,3468728,2826847.85
XAU,1M,1388527200,1205.094,1279.29,1203.666,1244.476,3262265,2942875.25
XAU,1M,1391378400,1244.476,1345.49,1240.886,1326.561,2796632,3035134.9
XAU,1M,1393797600,1326.561,1392.324,1282.466,1284.006,3066811,3156265.75
XAU,1M,1396299600,1284.006,1331.26,1268.602,1291.45,2185849,3238365.9
XAU,1M,1398891600,1291.45,1315.704,1242.292,1249.669,3827551,3399376.75
XAU,1M,1401656400,1249.669,1329.628,1240.374,1327.149,1913693,3465729.4
XAU,1M,1404162000,1327.149,1345.361,1281.016,1282.916,2268945,3551696.2
XAU,1M,1406840400,1282.916,1322.912,1269.184,1287.584,1327196,3564303.35
XAU,1M,1409518800,1287.584,1289.994,1204.453,1208.127,1380802,3533741.65
XAU,1M,1412110800,1208.127,1255.398,1161.098,1173.157,2020862,3485979.4
XAU,1M,1414965600,1173.157,1208.087,1131.306,1167.046,2566910,3482014.2
XAU,1M,1417384800,1167.046,1238.385,1142.784,1182.789,2219031,3332389.7
XAU,1M,1420063200,1182.789,1307.792,1167.624,1283.956,2797952,3218629.6
XAU,1M,1422828000,1283.956,1286.192,1190.39,1213.14,1739104,3034009.55
XAU,1M,1425247200,1213.14,1223.353,1142.758,1183.644,716769,2807827.45
XAU,1M,1427835600,1183.644,1224.31,1175.384,1184.393,629607,2566461.65
XAU,1M,1430427600,1184.393,1232.473,1170.193,1190.424,553133,2367969.7
XAU,1M,1433106000,1190.424,1205.973,1162.786,1172.37,544166,2125534.25
XAU,1M,1435698000,1172.37,1175.668,1072.25,1095.568,677164,1998158.5
XAU,1M,1438549200,1095.568,1170.28,1081.085,1134.942,753508,1862397.5
XAU,1M,1441054800,1134.942,1156.764,1098.795,1114.866,542918,1726430.15
XAU,1M,1443646800,1114.866,1191.653,1104.735,1142.173,578707,1615533.9
XAU,1M,1446415200,1142.173,1143.1,1052.885,1064.957,511901,1487788.4
XAU,1M,1448920800,1064.957,1088.908,1046.459,1060.904,644028,1410697.35
XAU,1M,1451599200,1060.904,1128.174,1060.634,1118.143,635923,1251115.95
XAU,1M,1454277600,1118.143,1263.436,1115.614,1238.604,1174274,1214145
XAU,1M,1456783200,1238.604,1284.979,1207.873,1232.945,1142261,1157810.8
XAU,1M,1459458000,1232.945,1296.913,1209.014,1293.354,1098926,1146397.3
XAU,1M,1462136400,1293.354,1303.838,1199.655,1215.335,1216789,1138196.65
XAU,1M,1464728400,1215.335,1358.762,1206.063,1322.014,1270487,1100677.9
XAU,1M,1467320400,1322.014,1375.307,1310.878,1351.206,1169699,1030817.35
XAU,1M,1469998800,1351.206,1367.318,1304.307,1308.98,918447,965788.15
XAU,1M,1472677200,1308.98,1352.854,1302.568,1316.064,769488,864364.95
XAU,1M,1475442000,1316.064,1319.7,1241.511,1276.868,644272,809623.35
XAU,1M,1477947600,1276.868,1337.495,1170.056,1173.33,1693064,858438.1
XAU,1M,1480543200,1173.33,1188.267,1122.751,1151.61,876149,870765.2
XAU,1M,1483308000,1151.61,1220.224,1146.157,1210.57,1036314,894924.25
XAU,1M,1485900000,1210.57,1263.944,1198.178,1248.295,551670,895299.45
XAU,1M,1488319200,1248.295,1261.081,1195.067,1249.119,773378,900110.15
XAU,1M,1491166800,1249.119,1295.612,1243.821,1268.229,739479,899408.7
XAU,1M,1493586000,1268.229,1274.215,1214.392,1268.808,794403,911982.95
XAU,1M,1496264400,1268.808,1296.208,1236.006,1242.118,679104,917002.8
XAU,1M,1499029200,1242.118,1271.232,1204.89,1269.507,584664,920640.95
XAU,1M,1501534800,1269.507,1326.132,1251.614,1321.37,1022135,939546.3
XAU,1M,1504213200,1321.37,1357.624,1275.633,1280.081,1073710,961435.65
XAU,1M,1506891600,1280.081,1306.138,1260.668,1271.212,764409,940942.4
XAU,1M,1509483600,1271.212,1299.326,1265.534,1275.025,758742,921766.45
XAU,1M,1512079200,1275.025,1307.676,1236.527,1303.247,559373,894788.8
XAU,1M,1514757600,1303.247,1366.112,1302.9,1345.057,932032,880550.95
XAU,1M,1517436000,1345.057,1361.796,1307.081,1318.381,1121381,873095.65
XAU,1M,1519855200,1318.381,1356.917,1302.832,1325.238,901102,859665.8
XAU,1M,1522616400,1325.238,1365.37,1310.3,1315.6,973595,862423.2
XAU,1M,1525122000,1315.6,1326.046,1282.031,1298.447,948270,871362.3
XAU,1M,1527800400,1298.447,1309.404,1245.98,1253.022,693212,873809.3
XAU,1M,1530478800,1253.022,1266.023,1211.52,1223.818,711932,824752.7
XAU,1M,1533070800,1223.818,1224.961,1160.324,1201.055,740153,817952.9
XAU,1M,1535922000,1201.055,1212.748,1180.77,1191.82,598076,796041
XAU,1M,1538341200,1191.82,1243.47,1182.9,1214.65,775539,807234.45
XAU,1M,1541019600,1214.65,1237.504,1196.436,1222.028,658449,801488
XAU,1M,1543788000,1222.028,1284.202,1221.381,1282.413,580811,793554.6
XAU,1M,1546293600,1282.413,1326.312,1276.699,1321.293,533138,780491.35
XAU,1M,1548972000,1321.293,1346.743,1302.449,1312.971,224170,757744.65
XAU,1M,1551391200,1312.971,1324.568,1280.922,1292.412,274560,742239.45
XAU,1M,1554066000,1292.412,1310.602,1266.421,1283.532,228519,702558.65
XAU,1M,1556658000,1283.532,1306.898,1266.389,1305.276,272523,662499.3
XAU,1M,1559509200,1305.276,1439.318,1305.276,1409.407,596405,654099.1
XAU,1M,1561928400,1409.407,1453.005,1381.904,1412.764,701935,651258.75
XAU,1M,1564606800,1412.764,1555.182,1400.613,1520.531,1145233,680551.75
XAU,1M,1567371600,1520.531,1557.074,1464.558,1472.512,877665,677833.4
XAU,1M,1569877200,1472.512,1519.651,1459.17,1512.578,779098,660719.25
XAU,1M,1572555600,1512.578,1516.171,1445.707,1463.989,473987,639363.5
XAU,1M,1575237600,1463.989,1525.376,1454.178,1517.111,363336,608850.55
XAU,1M,1577829600,1517.111,1611.498,1517.111,1589.975,733734,598123.75
XAU,1M,1580680800,1589.975,1689.384,1547.554,1586.542,1063383,616632.3
XAU,1M,1583100000,1586.542,1703.282,1451.432,1577.1,3071381,734604.75
XAU,1M,1585688400,1577.1,1747.722,1572.827,1686.618,2997988,847496.5
XAU,1M,1588280400,1686.618,1765.256,1670.909,1729.615,1985634,916874.4
XAU,1M,1590958800,1729.615,1786.023,1670.438,1780.872,1694840,962839.45
XAU,1M,1593550800,1780.872,1983.102,1757.665,1975.962,1165384,988186.2
XAU,1M,1596402000,1975.962,2075.282,1862.899,1967.646,2219549,1070123.1
XAU,1M,1598907600,1967.646,1992.565,1848.801,1885.5,1640752,1125503.8
XAU,1M,1601499600,1885.5,1933.292,1860.08,1878.952,1119335,1170262.05
XAU,1M,1604268000,1878.952,1965.572,1764.57,1776.881,1202715,1216669.8
XAU,1M,1606773600,1776.881,1906.809,1775.897,1898.391,1068021,1258644.9
XAU,1M,1609452000,1898.391,1959.406,1802.955,1847.74,1402686,1315153.05
XAU,1M,1612130400,1847.74,1871.89,1717.27,1734.375,1587406,1364703.1
XAU,1M,1614549600,1734.375,1759.95,1676.866,1707.475,1538541,1406533.4
XAU,1M,1617224400,1707.475,1797.934,1705.867,1771.945,1016488,1400096.15
XAU,1M,1619989200,1771.945,1912.785,1766.29,1906.676,1226245,1417525.15
XAU,1M,1622494800,1906.676,1916.615,1750.74,1770.45,1150946,1436117.55
XAU,1M,1625086800,1770.45,1834.195,1765.74,1814.18,943884,1459612.4
XAU,1M,1627851600,1814.18,1831.77,1677.686,1813.795,1121770,1497534.1
XAU,1M,1630443600,1813.795,1834.04,1721.71,1757.04,1082396,1514967.2
XAU,1M,1633035600,1757.04,1813.845,1745.99,1783.35,1048371,1514216.6
XAU,1M,1635714000,1783.35,1877.14,1758.89,1774.68,1230009,1422148
XAU,1M,1638309600,1774.68,1830.385,1753.07,1828.775,815340,1313015.6
XAU,1M,1641160800,1828.775,1853.885,1780.33,1797.166,834421,1255454.95
XAU,1M,1643666400,1797.166,1974.485,1788.685,1909.525,5484662,1444946.05
XAU,1M,1646085600,1909.525,2070.63,1890.155,1937.1,16741101,2223731.9
XAU,1M,1648760400,1937.1,1998.46,1872.215,1896.99,9956773,2610593.1
XAU,1M,1651438800,1896.99,1909.82,1786.785,1837.47,8419154,2949513.2
XAU,1M,1654030800,1837.47,1879.13,1802.775,1807.33,4601387,3123615.8
XAU,1M,1656622800,1807.33,1814.375,1680.935,1766.26,2152273,3171093.7
XAU,1M,1659301200,1766.26,1807.96,1709.675,1711.04,2039515,3219668.4
XAU,1M,1661979600,1711.04,1735.18,1614.925,1660.95,2413550,3270211.6
XAU,1M,1664744400,1660.95,1729.59,1617.28,1633.69,2297082,3305695.4
XAU,1M,1667250000,1633.69,1786.545,1616.675,1768.235,1700061,3313771.4
XAU,1M,1669845600,1768.235,1833.445,1765.91,1823.79,1270111,3326452.55
XAU,1M,1672610400,1823.79,1949.26,1823.79,1928.235,1361208,3333200.7
XAU,1M,1675202400,1928.235,1959.77,1804.685,1826.67,1254812,3338394
XAU,1M,1677621600,1826.67,2009.85,1809.425,1969.31,1647524,3373576
XAU,1M,1680469200,1969.31,2048.77,1949.81,1989.535,1226387,3378806.85
XAU,1M,1682888400,1989.535,2067,1932.11,1962.615,1929073,3421140.7
XAU,1M,1685566800,1962.615,1983.505,1919.245,1926.34,955905,3416517.4